
{
	"telemetry": {
		"eva_time": 63,
		"eva1": {
			"batt_time_left": 3818.306641,
			"oxy_pri_storage": 18.796659,
			"oxy_sec_storage": 26.137558,
			"oxy_pri_pressure": 0.003113,
			"oxy_sec_pressure": 784.134338,
			"oxy_time_left": 4852,
			"heart_rate": 90.000000,
			"oxy_consumption": 0.108402,
			"co2_production": 0.105728,
			"suit_pressure_oxy": 3.072318,
			"suit_pressure_co2": 0.001357,
			"suit_pressure_other": 11.554200,
			"suit_pressure_total": 14.627874,
			"fan_pri_rpm": 0.000000,
			"fan_sec_rpm": 30001.000000,
			"helmet_pressure_co2": 0.060749,
			"scrubber_a_co2_storage": 0.000000,
			"scrubber_b_co2_storage": 3.885398,
			"temperature": 72.835312,
			"coolant_ml": 17.629482,
			"coolant_gas_pressure": 0.000000,
			"coolant_liquid_pressure": 98.772987
		},
		"eva2": {
			"batt_time_left": 4727.652832,
			"oxy_pri_storage": 13.315720,
			"oxy_sec_storage": 21.099636,
			"oxy_pri_pressure": 0.003166,
			"oxy_sec_pressure": 632.993042,
			"oxy_time_left": 3716,
			"heart_rate": 90.000000,
			"oxy_consumption": 0.105724,
			"co2_production": 0.097866,
			"suit_pressure_oxy": 3.072318,
			"suit_pressure_cO2": 0.001701,
			"suit_pressure_other": 11.554200,
			"suit_pressure_total": 14.628220,
			"fan_pri_rpm": 0.000000,
			"fan_sec_rpm": 30001.000000,
			"helmet_pressure_co2": 0.059955,
			"scrubber_a_co2_storage": 0.000000,
			"scrubber_b_co2_storage": 3.824896,
			"temperature": 82.290169,
			"coolant_ml": 19.637180,
			"coolant_gas_pressure": 28.467625,
			"coolant_liquid_pressure": 95.835983
		}
	}
}