
{
	"telemetry": {
		"eva_time": 73,
		"eva1": {
			"batt_time_left": 5077.148926,
			"oxy_pri_storage": 23.755802,
			"oxy_sec_storage": 14.813603,
			"oxy_pri_pressure": 0.004334,
			"oxy_sec_pressure": 444.409515,
			"oxy_time_left": 4165,
			"heart_rate": 90.000000,
			"oxy_consumption": 0.096284,
			"co2_production": 0.100869,
			"suit_pressure_oxy": 3.072299,
			"suit_pressure_co2": 0.001380,
			"suit_pressure_other": 11.554200,
			"suit_pressure_total": 14.627880,
			"fan_pri_rpm": 0.000000,
			"fan_sec_rpm": 30001.000000,
			"helmet_pressure_co2": 0.066681,
			"scrubber_a_co2_storage": 0.000000,
			"scrubber_b_co2_storage": 4.861568,
			"temperature": 71.731926,
			"coolant_ml": 20.508068,
			"coolant_gas_pressure": 0.000000,
			"coolant_liquid_pressure": 113.160255
		},
		"eva2": {
			"batt_time_left": 3384.893799,
			"oxy_pri_storage": 24.231962,
			"oxy_sec_storage": 18.743210,
			"oxy_pri_pressure": 0.005943,
			"oxy_sec_pressure": 562.303711,
			"oxy_time_left": 4641,
			"heart_rate": 90.000000,
			"oxy_consumption": 0.102792,
			"co2_production": 0.104481,
			"suit_pressure_oxy": 3.072309,
			"suit_pressure_cO2": 0.001569,
			"suit_pressure_other": 11.554200,
			"suit_pressure_total": 14.628078,
			"fan_pri_rpm": 0.000000,
			"fan_sec_rpm": 30001.000000,
			"helmet_pressure_co2": 0.066045,
			"scrubber_a_co2_storage": 0.000000,
			"scrubber_b_co2_storage": 4.804866,
			"temperature": 83.123260,
			"coolant_ml": 22.034748,
			"coolant_gas_pressure": 44.004341,
			"coolant_liquid_pressure": 96.887978
		}
	}
}